{
    "position": [
        -22.690975189208984,
        45.654842376708984,
        3.1302285194396973
    ],
    "target": [
        -22.63225555419922,
        44.29484939575195,
        2.8855364322662354
    ],
    "up": [
        0.013904105871915817,
        -0.03647075966000557,
        0.9992380142211914
    ],
    "yaw": 1.5259265358979794,
    "pitch": -0.14079632679489623,
    "target_dist": 1.3830773830413818
}